distance_angstrom,vqe_energy,exact_energy,error,n_iterations
0.1,2.711921868058554,2.7099607708672764,0.001961097191277794,45
0.2,0.15954499206104364,0.15748213479836481,0.0020628572626788244,62
0.3,-0.6000310289566007,-0.6018037107656857,0.0017726818090850749,81
0.4,-0.9113223262145145,-0.9141497046270822,0.0028273784125677492,38
0.5,-1.0537589904794529,-1.0551597944706226,0.0014008039911697079,127
0.6,-1.1149731075584928,-1.116286006869539,0.0013128993110462783,71
0.7,-1.1354594497734831,-1.1361894540659208,0.000730004292437636,159
0.73,-1.1360623114121433,-1.1372856765971078,0.0012233651849644644,113
0.8,-1.1329154061565383,-1.1341476666770942,0.0012322605205559167,89
0.9,-1.119864273534278,-1.120560281299987,0.0006960077657089947,127
1.0,-1.1004970939614174,-1.1011503302326182,0.000653236271200841,116
1.1,-1.079098459371648,-1.0791929449690745,9.448559742653018e-05,133
1.2,-1.056631452780285,-1.0567407463052565,0.00010929352497157652,142
1.3,-1.0350979343297146,-1.0351862664342537,8.833210453906837e-05,105
1.4,-1.015424260930924,-1.0154682492882448,4.398835732066786e-05,47
1.5,-0.9981023943814151,-0.9981493534714094,4.695908999430287e-05,65
1.6,-0.983443888158869,-0.9834727290331731,2.8840874304103536e-05,64
1.7,-0.9713972895142042,-0.97142668845834,2.9398944135783367e-05,95
2.0,-0.9486257288173291,-0.9486411121761853,1.5383358856202456e-05,86
2.5,-0.9360320951254002,-0.9360549199556057,2.282483020554782e-05,70
3.0,-0.93357787712479,-0.9336318445584983,5.396743370833512e-05,81
