distance_angstrom,vqe_energy,exact_energy,error,n_evaluations
0.1,2.7875572945945053,2.78654626704608,0.0010110275484254139,1250
0.5,-7.039331601482674,-7.039732521628308,0.0004009201456343092,1994
0.8,-7.630628762663408,-7.6309782498989875,0.0003494872355798151,2286
1.1,-7.823069398672659,-7.823599276363044,0.0005298776903854829,1620
1.3,-7.867023597093899,-7.867563290088017,0.0005396929941179351,1826
1.4,-7.876570589561779,-7.87700149184988,0.00043090228810083175,2800
1.5,-7.880523659319493,-7.881015715647116,0.0004920563276229473,1848
1.55,-7.880990211631292,-7.881462853591288,0.0004726419599965226,2856
1.6,-7.880601292321568,-7.881072044031092,0.0004707517095239311,1786
1.7,-7.87787184408772,-7.878268167585188,0.0003963234974682095,2300
1.8,-7.872987249599195,-7.873440293133007,0.0004530435338123695,1839
2.2,-7.844754927633391,-7.844879093009734,0.0001241653763424111,2005
2.8,-7.80601125052987,-7.806229559714047,0.00021830918417631295,2484
3.4,-7.788909026363763,-7.789088898113953,0.0001798717501904079,3000
